ID,post_title,post_name,url
45273,"Python Training in Bangalore",python-training-in-bangalore,https://learnmoretechnologies.in/python-training-in-bangalore/
45141,"generative ai Course in Whitefield",generative-ai-course-in-whitefield,https://learnmoretechnologies.in/generative-ai-course-in-whitefield/
45136,"generative ai Course in BTM",generative-ai-course-in-btm,https://learnmoretechnologies.in/generative-ai-course-in-btm/
45130,"generative ai Course in Marathahalli",generative-ai-course-in-marathahalli,https://learnmoretechnologies.in/generative-ai-course-in-marathahalli/
45124,"generative ai Course in Kalyan Nagar",generative-ai-course-in-kalyan-nagar,https://learnmoretechnologies.in/generative-ai-course-in-kalyan-nagar/
45118,"generative ai Course in bangalore",generative-ai-course-in-bangalore,https://learnmoretechnologies.in/generative-ai-course-in-bangalore/
45113,"Agentic AI Course in Whitefield",agentic-ai-course-in-whitefield,https://learnmoretechnologies.in/agentic-ai-course-in-whitefield/
45108,"Agentic AI Course in BTM",agentic-ai-course-in-btm,https://learnmoretechnologies.in/agentic-ai-course-in-btm/
45103,"Agentic AI Course in Marathahalli",agentic-ai-course-in-marathahalli,https://learnmoretechnologies.in/agentic-ai-course-in-marathahalli/
45094,"Agentic AI Course in Kalyan Nagar",agentic-ai-course-in-kalyan-nagar,https://learnmoretechnologies.in/agentic-ai-course-in-kalyan-nagar/
45049,"Agentic AI Course in Bangalore",agentic-ai-course-in-bangalore,https://learnmoretechnologies.in/agentic-ai-course-in-bangalore/
44695,"Corporate Trainings",corporate-trainings,https://learnmoretechnologies.in/corporate-trainings/
44015,"Data Science Training in Germany ",data-science-training-in-germany,https://learnmoretechnologies.in/data-science-training-in-germany/
43999,"Microsoft Azure Training in France",microsoft-azure-training-in-france,https://learnmoretechnologies.in/microsoft-azure-training-in-france/
43994,"Data Analytics Training in France",data-analytics-training-in-france,https://learnmoretechnologies.in/data-analytics-training-in-france/
43988,"Python Full Stack Training in France",python-full-stack-training-in-france,https://learnmoretechnologies.in/python-full-stack-training-in-france/
43982,"Java Full Stack Training in France",java-full-stack-training-in-france,https://learnmoretechnologies.in/java-full-stack-training-in-france/
43976,"Java Training in France",java-training-in-france,https://learnmoretechnologies.in/java-training-in-france/
43971,"Power BI Training in France",power-bi-training-in-france,https://learnmoretechnologies.in/power-bi-training-in-france/
43965,"Data Science Training in France",data-science-training-in-france,https://learnmoretechnologies.in/data-science-training-in-france/
43959,"Software Testing Training in France",software-testing-training-in-france,https://learnmoretechnologies.in/software-testing-training-in-france/
43953,"DevOps Training in France",devops-training-in-france,https://learnmoretechnologies.in/devops-training-in-france/
43947,"Python Training in France",python-training-in-france,https://learnmoretechnologies.in/python-training-in-france/
43942,"AWS Training in France",aws-training-in-france,https://learnmoretechnologies.in/aws-training-in-france/
43936,"Microsoft Azure Training in Germany",microsoft-azure-training-in-germany,https://learnmoretechnologies.in/microsoft-azure-training-in-germany/
43931,"Data Analytics Training in Germany",data-analytics-training-in-germany,https://learnmoretechnologies.in/data-analytics-training-in-germany/
43926,"Python Full Stack Training in Germany",python-full-stack-training-in-germany,https://learnmoretechnologies.in/python-full-stack-training-in-germany/
43921,"Java Full Stack Training in Germany",java-full-stack-training-in-germany,https://learnmoretechnologies.in/java-full-stack-training-in-germany/
43916,"Java Training in Germany",java-training-in-germany,https://learnmoretechnologies.in/java-training-in-germany/
43910,"Power BI Training in Germany",power-bi-training-in-germany,https://learnmoretechnologies.in/power-bi-training-in-germany/
43904,"Microsoft Azure Training in Cochin",microsoft-azure-training-in-cochin,https://learnmoretechnologies.in/microsoft-azure-training-in-cochin/
43898," Data Analytics Training in Cochin",data-analytics-training-in-cochin,https://learnmoretechnologies.in/data-analytics-training-in-cochin/
43893,"Python Full Stack Training in Cochin",python-full-stack-training-in-cochin,https://learnmoretechnologies.in/python-full-stack-training-in-cochin/
43888,"Java Full Stack Training in Cochin",java-full-stack-training-in-cochin,https://learnmoretechnologies.in/java-full-stack-training-in-cochin/
43883,"Java Training in Cochin",java-training-in-cochin,https://learnmoretechnologies.in/java-training-in-cochin/
43876,"Power BI Training in Cochin",power-bi-training-in-cochin,https://learnmoretechnologies.in/power-bi-training-in-cochin/
43869,"Data Science Training in Cochin",data-science-training-in-cochin,https://learnmoretechnologies.in/data-science-training-in-cochin/
43863,"Software Testing Training in Cochin",software-testing-training-in-cochin,https://learnmoretechnologies.in/software-testing-training-in-cochin/
43858,"DevOps Training in Cochin",devops-training-in-cochin,https://learnmoretechnologies.in/devops-training-in-cochin/
43852,"Python Training in Cochin",python-training-in-cochin,https://learnmoretechnologies.in/python-training-in-cochin/
43844,"AWS Training in Cochin",aws-training-in-cochin,https://learnmoretechnologies.in/aws-training-in-cochin/
43839,"Microsoft Azure Training in Lucknow",microsoft-azure-training-in-lucknow,https://learnmoretechnologies.in/microsoft-azure-training-in-lucknow/
43833,"Data Analytics Training in Lucknow",data-analytics-training-in-lucknow,https://learnmoretechnologies.in/data-analytics-training-in-lucknow/
43824,"Python Full Stack Training in Lucknow",python-full-stack-training-in-lucknow,https://learnmoretechnologies.in/python-full-stack-training-in-lucknow/
43823,"Java Full Stack Training in Lucknow",java-full-stack-training-in-lucknow,https://learnmoretechnologies.in/java-full-stack-training-in-lucknow/
43817,"Java Training in Lucknow",java-training-in-lucknow,https://learnmoretechnologies.in/java-training-in-lucknow/
43812,"Power BI Training in Lucknow",power-bi-training-in-lucknow,https://learnmoretechnologies.in/power-bi-training-in-lucknow/
43806,"Data Science Training in Lucknow",data-science-training-in-lucknow,https://learnmoretechnologies.in/data-science-training-in-lucknow/
43801,"Software Testing Training in Lucknow",software-testing-training-in-lucknow,https://learnmoretechnologies.in/software-testing-training-in-lucknow/
43796,"DevOps Training in Lucknow",devops-training-in-lucknow,https://learnmoretechnologies.in/devops-training-in-lucknow/
43791,"Python Training in Lucknow",python-training-in-lucknow,https://learnmoretechnologies.in/python-training-in-lucknow/
43784,"AWS Training in Lucknow",aws-training-in-lucknow,https://learnmoretechnologies.in/aws-training-in-lucknow/
43778,"Microsoft Azure training in Warangal",microsoft-azure-training-in-warangal,https://learnmoretechnologies.in/microsoft-azure-training-in-warangal/
43773,"Data Analytics training in Warangal",data-analytics-training-in-warangal,https://learnmoretechnologies.in/data-analytics-training-in-warangal/
43768,"Python Full Stack Training in Warangal",python-full-stack-training-in-warangal,https://learnmoretechnologies.in/python-full-stack-training-in-warangal/
43762,"Java Full Stack Training in Warangal",java-full-stack-training-in-warangal,https://learnmoretechnologies.in/java-full-stack-training-in-warangal/
43756,"Java Training in Warangal",java-training-in-warangal,https://learnmoretechnologies.in/java-training-in-warangal/
43749,"Power BI Training in Warangal",power-bi-training-in-warangal,https://learnmoretechnologies.in/power-bi-training-in-warangal/
43744,"Data Science Training in Warangal",data-science-training-in-warangal,https://learnmoretechnologies.in/data-science-training-in-warangal/
43739,"Software Testing training in Warangal",software-testing-training-in-warangal,https://learnmoretechnologies.in/software-testing-training-in-warangal/
43734," DevOps training in Warangal",devops-training-in-warangal,https://learnmoretechnologies.in/devops-training-in-warangal/
43727,"Python Training in Warangal",python-training-in-warangal,https://learnmoretechnologies.in/python-training-in-warangal/
43721," AWS Training in Warangal",aws-training-in-warangal,https://learnmoretechnologies.in/aws-training-in-warangal/
43715," Microsoft Azure training in Trichy",microsoft-azure-training-in-trichy,https://learnmoretechnologies.in/microsoft-azure-training-in-trichy/
43709,"Data Analytics training in Trichy",data-analytics-training-in-trichy,https://learnmoretechnologies.in/data-analytics-training-in-trichy/
43703,"Python Full Stack Training in Trichy",python-full-stack-training-in-trichy,https://learnmoretechnologies.in/python-full-stack-training-in-trichy/
43697,"Java Full Stack Developer in Trichy",java-full-stack-developer-in-trichy,https://learnmoretechnologies.in/java-full-stack-developer-in-trichy/
43691,"Java Training in Trichy",java-training-in-trichy,https://learnmoretechnologies.in/java-training-in-trichy/
43686,"Power BI Training in Trichy",power-bi-training-in-trichy,https://learnmoretechnologies.in/power-bi-training-in-trichy/
43681,"Data Science Training in Trichy",data-science-training-in-trichy,https://learnmoretechnologies.in/data-science-training-in-trichy/
43676,"Software Testing Training in Trichy",software-testing-training-in-trichy,https://learnmoretechnologies.in/software-testing-training-in-trichy/
43670," DevOps Training in Trichy",devops-training-in-trichy,https://learnmoretechnologies.in/devops-training-in-trichy/
43665,"Python Training in Trichy",python-training-in-trichy,https://learnmoretechnologies.in/python-training-in-trichy/
43659,"AWS Training in Trichy",aws-training-in-trichy,https://learnmoretechnologies.in/aws-training-in-trichy/
43654,"Microsoft Azure Training in Mysore",microsoft-azure-training-in-mysore,https://learnmoretechnologies.in/microsoft-azure-training-in-mysore/
43649,"Data Analytics Training in Mysore",data-analytics-training-in-mysore,https://learnmoretechnologies.in/data-analytics-training-in-mysore/
43643,"Python Full Stack Training in Mysore",python-full-stack-training-in-mysore,https://learnmoretechnologies.in/python-full-stack-training-in-mysore/
43638,"Java Full Stack Training in Mysore",java-full-stack-training-in-mysore,https://learnmoretechnologies.in/java-full-stack-training-in-mysore/
43632,"Java Training in Mysore",java-training-in-mysore,https://learnmoretechnologies.in/java-training-in-mysore/
43626,"Power BI Training in Mysore",power-bi-training-in-mysore,https://learnmoretechnologies.in/power-bi-training-in-mysore/
43621,"Data Science Training in Mysore",data-science-training-in-mysore,https://learnmoretechnologies.in/data-science-training-in-mysore/
43615,"Software Testing Training in Mysore",software-testing-training-in-mysore,https://learnmoretechnologies.in/software-testing-training-in-mysore/
43609,"DevOps Training in Mysore",devops-training-in-mysore,https://learnmoretechnologies.in/devops-training-in-mysore/
43603,"Python Training in Mysore",python-training-in-mysore,https://learnmoretechnologies.in/python-training-in-mysore/
43598,"AWS Training in Mysore",aws-training-in-mysore,https://learnmoretechnologies.in/aws-training-in-mysore/
43592,"Microsoft Azure training in Noida",microsoft-azure-training-in-noida,https://learnmoretechnologies.in/microsoft-azure-training-in-noida/
43587,"Data Analytics training in Noida",data-analytics-training-in-noida,https://learnmoretechnologies.in/data-analytics-training-in-noida/
43580,"Python Full Stack Training in Noida",python-full-stack-training-in-noida,https://learnmoretechnologies.in/python-full-stack-training-in-noida/
43574,"Java Full Stack Training in Noida",java-full-stack-training-in-noida,https://learnmoretechnologies.in/java-full-stack-training-in-noida/
43568,"Java Training in Noida",java-training-in-noida,https://learnmoretechnologies.in/java-training-in-noida/
43563,"Power BI Training in Noida",power-bi-training-in-noida,https://learnmoretechnologies.in/power-bi-training-in-noida/
43558,"Data Science Training in Noida",data-science-training-in-noida,https://learnmoretechnologies.in/data-science-training-in-noida/
43553,"Software Testing Training in Noida",software-testing-training-in-noida,https://learnmoretechnologies.in/software-testing-training-in-noida/
43545,"DevOps Training in Noida",devops-training-in-noida,https://learnmoretechnologies.in/devops-training-in-noida/
43538,"Python Training in Noida",python-training-in-noida,https://learnmoretechnologies.in/python-training-in-noida/
43532,"AWS Training in Noida",aws-training-in-noida,https://learnmoretechnologies.in/aws-training-in-noida/
43526,"Microsoft Azure Training in Visakhapatnam",microsoft-azure-training-in-visakhapatnam,https://learnmoretechnologies.in/microsoft-azure-training-in-visakhapatnam/
43521,"Data Analytics Training in Visakhapatnam",data-analytics-training-in-visakhapatnam,https://learnmoretechnologies.in/data-analytics-training-in-visakhapatnam/
43514,"Python Full Stack Training in Visakhapatnam",python-full-stack-training-in-visakhapatnam,https://learnmoretechnologies.in/python-full-stack-training-in-visakhapatnam/
43508,"Java Full Stack Training in Visakhapatnam",java-full-stack-training-in-visakhapatnam,https://learnmoretechnologies.in/java-full-stack-training-in-visakhapatnam/
43503,"Java Training in Visakhapatnam",java-training-in-visakhapatnam,https://learnmoretechnologies.in/java-training-in-visakhapatnam/
43488,"Power BI Training in Visakhapatnam",power-bi-training-in-visakhapatnam,https://learnmoretechnologies.in/power-bi-training-in-visakhapatnam/
43482,"Data Science Training in Visakhapatnam",data-science-training-in-visakhapatnam,https://learnmoretechnologies.in/data-science-training-in-visakhapatnam/
43476,"Software Testing Training in Visakhapatnam",software-testing-training-in-visakhapatnam,https://learnmoretechnologies.in/software-testing-training-in-visakhapatnam/
43470,"DevOps Training in Visakhapatnam",devops-training-in-visakhapatnam,https://learnmoretechnologies.in/devops-training-in-visakhapatnam/
43465,"Python Training in Visakhapatnam",python-training-in-visakhapatnam,https://learnmoretechnologies.in/python-training-in-visakhapatnam/
43459,"AWS Training in Visakhapatnam",aws-training-in-visakhapatnam,https://learnmoretechnologies.in/aws-training-in-visakhapatnam/
43454,"Microsoft Azure Training in Gurgaon",microsoft-azure-training-in-gurgaon,https://learnmoretechnologies.in/microsoft-azure-training-in-gurgaon/
43448,"Data Analytics Training in Gurgaon",data-analytics-training-in-gurgaon,https://learnmoretechnologies.in/data-analytics-training-in-gurgaon/
43443,"Python Full Stack Training in Gurgaon",python-full-stack-training-in-gurgaon,https://learnmoretechnologies.in/python-full-stack-training-in-gurgaon/
43437,"Java Full Stack Training in Gurgaon",java-full-stack-training-in-gurgaon,https://learnmoretechnologies.in/java-full-stack-training-in-gurgaon/
43431,"Java Training in Gurgaon",java-training-in-gurgaon,https://learnmoretechnologies.in/java-training-in-gurgaon/
43426,"Power BI Training in Gurgaon",power-bi-training-in-gurgaon,https://learnmoretechnologies.in/power-bi-training-in-gurgaon/
43420,"Data Science Training in Gurgaon",data-science-training-in-gurgaon,https://learnmoretechnologies.in/data-science-training-in-gurgaon/
43414,"Software Testing Training in Gurgaon",software-testing-training-in-gurgaon,https://learnmoretechnologies.in/software-testing-training-in-gurgaon/
43408,"DevOps Training in Gurgaon",devops-training-in-gurgaon,https://learnmoretechnologies.in/devops-training-in-gurgaon/
43399,"Python Training in Gurgaon",python-training-in-gurgaon,https://learnmoretechnologies.in/python-training-in-gurgaon/
43393,"AWS Training in Gurgaon",aws-training-in-gurgaon,https://learnmoretechnologies.in/aws-training-in-gurgaon/
43387,"Microsoft Azure Training in Hyderabad",microsoft-azure-training-in-hyderabad,https://learnmoretechnologies.in/microsoft-azure-training-in-hyderabad/
43382,"Data Analytics Training in Hyderabad",data-analytics-training-in-hyderabad,https://learnmoretechnologies.in/data-analytics-training-in-hyderabad/
43376,"Python Full Stack Training in Hyderabad",python-full-stack-training-in-hyderabad,https://learnmoretechnologies.in/python-full-stack-training-in-hyderabad/
43371,"Java Full Stack Training in Hyderabad",java-full-stack-training-in-hyderabad,https://learnmoretechnologies.in/java-full-stack-training-in-hyderabad/
43365,"Java Training in Hyderabad",java-training-in-hyderabad,https://learnmoretechnologies.in/java-training-in-hyderabad/
43360,"Power BI Training in Hyderabad",power-bi-training-in-hyderabad,https://learnmoretechnologies.in/power-bi-training-in-hyderabad/
43354,"Data Science Training in Hyderabad",data-science-training-in-hyderabad,https://learnmoretechnologies.in/data-science-training-in-hyderabad/
43348,"Software Testing Training in Hyderabad",software-testing-training-in-hyderabad,https://learnmoretechnologies.in/software-testing-training-in-hyderabad/
43343,"DevOps Training in Hyderabad",devops-training-in-hyderabad,https://learnmoretechnologies.in/devops-training-in-hyderabad/
43337,"Python Training in Hyderabad",python-training-in-hyderabad,https://learnmoretechnologies.in/python-training-in-hyderabad/
43331,"AWS Training in Hyderabad",aws-training-in-hyderabad,https://learnmoretechnologies.in/aws-training-in-hyderabad/
43326,"Microsoft Azure Training in Delhi",microsoft-azure-training-in-delhi,https://learnmoretechnologies.in/microsoft-azure-training-in-delhi/
43320,"Data Analytics Training in Delhi",data-analytics-training-in-delhi,https://learnmoretechnologies.in/data-analytics-training-in-delhi/
43307,"Python Full Stack Training in Delhi",python-full-stack-training-in-delhi,https://learnmoretechnologies.in/python-full-stack-training-in-delhi/
43301,"Java Full Stack Training in Delhi",java-full-stack-training-in-delhi,https://learnmoretechnologies.in/java-full-stack-training-in-delhi/
43296,"Java Training in Delhi",java-training-in-delhi,https://learnmoretechnologies.in/java-training-in-delhi/
43290,"Data Science Training in Delhi",data-science-training-in-delhi,https://learnmoretechnologies.in/data-science-training-in-delhi/
43284,"Software Testing Training in Delhi",software-testing-training-in-delhi,https://learnmoretechnologies.in/software-testing-training-in-delhi/
43279,"DevOps Training in Delhi",devops-training-in-delhi,https://learnmoretechnologies.in/devops-training-in-delhi/
43273,"Python Training in Delhi",python-training-in-delhi,https://learnmoretechnologies.in/python-training-in-delhi/
43267,"AWS Training in Delhi",aws-training-in-delhi,https://learnmoretechnologies.in/aws-training-in-delhi/
43259,"Microsoft Azure Training in Indore",microsoft-azure-training-in-indore,https://learnmoretechnologies.in/microsoft-azure-training-in-indore/
43253,"Data Analytics Training in Indore",data-analytics-training-in-indore,https://learnmoretechnologies.in/data-analytics-training-in-indore/
43248,"Python Full Stack Training in Indore",python-full-stack-training-in-indore,https://learnmoretechnologies.in/python-full-stack-training-in-indore/
43243,"Java Full Stack Training in Indore",java-full-stack-training-in-indore,https://learnmoretechnologies.in/java-full-stack-training-in-indore/
43237,"Java Training in Indore",java-training-in-indore,https://learnmoretechnologies.in/java-training-in-indore/
43232,"Power BI Training in Indore",power-bi-training-in-indore,https://learnmoretechnologies.in/power-bi-training-in-indore/
43226,"Data Science Training in Indore",data-science-training-in-indore,https://learnmoretechnologies.in/data-science-training-in-indore/
43221,"Software Testing Training in Indore",software-testing-training-in-indore,https://learnmoretechnologies.in/software-testing-training-in-indore/
43215,"DevOps Training in Indore",devops-training-in-indore,https://learnmoretechnologies.in/devops-training-in-indore/
43205,"AWS Training in Indore",aws-training-in-indore,https://learnmoretechnologies.in/aws-training-in-indore/
43200,"Microsoft Azure training in Trivandrum",microsoft-azure-training-in-trivandrum,https://learnmoretechnologies.in/microsoft-azure-training-in-trivandrum/
43194,"Data Analytics training in Trivandrum",data-analytics-training-in-trivandrum,https://learnmoretechnologies.in/data-analytics-training-in-trivandrum/
43189,"Python Full Stack Training in Trivandrum",python-full-stack-training-in-trivandrum,https://learnmoretechnologies.in/python-full-stack-training-in-trivandrum/
43184,"Java Full Stack Training in Trivandrum",java-full-stack-training-in-trivandrum,https://learnmoretechnologies.in/java-full-stack-training-in-trivandrum/
43179,"Java Training in Trivandrum",java-training-in-trivandrum,https://learnmoretechnologies.in/java-training-in-trivandrum/
43174,"Power BI Training in Trivandrum",power-bi-training-in-trivandrum,https://learnmoretechnologies.in/power-bi-training-in-trivandrum/
43169,"Data Science Training in Trivandrum",data-science-training-in-trivandrum,https://learnmoretechnologies.in/data-science-training-in-trivandrum/
43160,"Software Testing Training in Trivandrum",software-testing-training-in-trivandrum,https://learnmoretechnologies.in/software-testing-training-in-trivandrum/
43155," DevOps Training in Trivandrum",devops-training-in-trivandrum,https://learnmoretechnologies.in/devops-training-in-trivandrum/
43148,"Python Training in Trivandrum",python-training-in-trivandrum,https://learnmoretechnologies.in/python-training-in-trivandrum/
43137,"AWS Training in Trivandrum",aws-training-in-trivandrum,https://learnmoretechnologies.in/aws-training-in-trivandrum/
43129,"Microsoft Azure Training in Chandigarh",microsoft-azure-training-in-chandigarh,https://learnmoretechnologies.in/microsoft-azure-training-in-chandigarh/
43120,"Data Analytics training in Chandigarh",data-analytics-training-in-chandigarh,https://learnmoretechnologies.in/data-analytics-training-in-chandigarh/
43111,"Python Full Stack Training in Chandigarh",python-full-stack-training-in-chandigarh,https://learnmoretechnologies.in/python-full-stack-training-in-chandigarh/
43106,"Java Full Stack Training in Chandigarh",java-full-stack-training-in-chandigarh,https://learnmoretechnologies.in/java-full-stack-training-in-chandigarh/
43100,"Java Training in Chandigarh",java-training-in-chandigarh,https://learnmoretechnologies.in/java-training-in-chandigarh/
43094,"Power BI Training in Chandigarh",power-bi-training-in-chandigarh,https://learnmoretechnologies.in/power-bi-training-in-chandigarh/
43089," Data Science Training in Chandigarh",data-science-training-in-chandigarh,https://learnmoretechnologies.in/data-science-training-in-chandigarh/
43084," Software Testing Training in Chandigarh",software-testing-training-in-chandigarh,https://learnmoretechnologies.in/software-testing-training-in-chandigarh/
43078,"DevOps Training in Chandigarh",devops-training-in-chandigarh,https://learnmoretechnologies.in/devops-training-in-chandigarh/
43072,"Python Training in Chandigarh",python-training-in-chandigarh,https://learnmoretechnologies.in/python-training-in-chandigarh/
43066,"AWS Training in Chandigarh",aws-training-in-chandigarh,https://learnmoretechnologies.in/aws-training-in-chandigarh/
43059," Microsoft Azure Training in Patna",microsoft-azure-training-in-patna,https://learnmoretechnologies.in/microsoft-azure-training-in-patna/
43053," Data Analytics Training in Patna",data-analytics-training-in-patna,https://learnmoretechnologies.in/data-analytics-training-in-patna/
43046,"  Python Full Stack Training in Patna",python-full-stack-training-in-patna,https://learnmoretechnologies.in/python-full-stack-training-in-patna/
43040," Java Full Stack Training in Patna",java-full-stack-training-in-patna,https://learnmoretechnologies.in/java-full-stack-training-in-patna/
43035," Java Training in Patna",java-training-in-patna,https://learnmoretechnologies.in/java-training-in-patna/
43029,"Power BI Training in Patna",power-bi-training-in-patna,https://learnmoretechnologies.in/power-bi-training-in-patna/
43024,"Data Science Training in Patna",data-science-training-in-patna,https://learnmoretechnologies.in/data-science-training-in-patna/
43019," Software Testing Training in Patna",software-testing-training-in-patna,https://learnmoretechnologies.in/software-testing-training-in-patna/
43009," DevOps Training in Patna",devops-training-in-patna,https://learnmoretechnologies.in/devops-training-in-patna/
43000,"Python training in Patna",python-training-in-patna,https://learnmoretechnologies.in/python-training-in-patna/
42994," AWS Training in Patna",aws-training-in-patna,https://learnmoretechnologies.in/aws-training-in-patna/
42944,"Software Testing Training in Germany",software-testing-training-in-germany,https://learnmoretechnologies.in/software-testing-training-in-germany/
42919,"DevOps Training in Germany",devops-training-in-germany,https://learnmoretechnologies.in/devops-training-in-germany/
42888,"Python training in Germany",python-training-in-germany,https://learnmoretechnologies.in/python-training-in-germany/
42862,"AWS training in Germany",aws-training-in-germany,https://learnmoretechnologies.in/aws-training-in-germany/
42836,"Microsoft Azure training in Australia",microsoft-azure-training-in-australia,https://learnmoretechnologies.in/microsoft-azure-training-in-australia/
42804,"Data Analytics Training in Australia",data-analytics-training-in-australia,https://learnmoretechnologies.in/data-analytics-training-in-australia/
42688,"Python Full Stack Training in Australia",python-full-stack-training-in-australia,https://learnmoretechnologies.in/python-full-stack-training-in-australia/
42662,"Java Full Stack Training in Australia",java-full-stack-training-in-australia,https://learnmoretechnologies.in/java-full-stack-training-in-australia/
42633,"Java Training in Australia",java-training-in-australia,https://learnmoretechnologies.in/java-training-in-australia/
42604,"Power BI Training in Australia",power-bi-training-in-australia,https://learnmoretechnologies.in/power-bi-training-in-australia/
42570,"Data Science Training in Australia",data-science-training-in-australia,https://learnmoretechnologies.in/data-science-training-in-australia/
42537,"Software Testing Training in Australia",software-testing-training-in-australia,https://learnmoretechnologies.in/software-testing-training-in-australia/
42507,"DevOps Training in Australia",devops-training-in-australia,https://learnmoretechnologies.in/devops-training-in-australia/
42474,"Python Training in Australia",python-training-in-australia,https://learnmoretechnologies.in/python-training-in-australia/
42445,"AWS Training in Australia",aws-training-in-australia,https://learnmoretechnologies.in/aws-training-in-australia/
42409,"Microsoft Azure Training in Guyana",microsoft-azure-training-in-guyana,https://learnmoretechnologies.in/microsoft-azure-training-in-guyana/
42380,"Data Analytics Training in Guyana",data-analytics-training-in-guyana,https://learnmoretechnologies.in/data-analytics-training-in-guyana/
42350,"Python Full Stack Training in Guyana",python-full-stack-training-in-guyana,https://learnmoretechnologies.in/python-full-stack-training-in-guyana/
42318,"Java Full Stack Training in Guyana",java-full-stack-training-in-guyana,https://learnmoretechnologies.in/java-full-stack-training-in-guyana/
42291,"Java Training in Guyana",java-training-in-guyana,https://learnmoretechnologies.in/java-training-in-guyana/
42255,"Power BI Training in Guyana",power-bi-training-in-guyana,https://learnmoretechnologies.in/power-bi-training-in-guyana/
42223,"Data Science Training in Guyana",data-science-training-in-guyana,https://learnmoretechnologies.in/data-science-training-in-guyana/
42197,"Software Testing Training in Guyana",software-testing-training-in-guyana,https://learnmoretechnologies.in/software-testing-training-in-guyana/
42170,"DevOps Training in Guyana",devops-training-in-guyana,https://learnmoretechnologies.in/devops-training-in-guyana/
42143,"Python training in Guyana",python-training-in-guyana,https://learnmoretechnologies.in/python-training-in-guyana/
42114,"AWS Training in Guyana",aws-training-in-guyana,https://learnmoretechnologies.in/aws-training-in-guyana/
42085,"Microsoft Azure Training in Brunei",microsoft-azure-training-in-brunei,https://learnmoretechnologies.in/microsoft-azure-training-in-brunei/
42056,"Data Analytics Training in Brunei",data-analytics-training-in-brunei,https://learnmoretechnologies.in/data-analytics-training-in-brunei/
42013,"Python Full Stack Training in Brunei",python-full-stack-training-in-brunei,https://learnmoretechnologies.in/python-full-stack-training-in-brunei/
41983,"Java Full Stack Training in Brunei",java-full-stack-training-in-brunei,https://learnmoretechnologies.in/java-full-stack-training-in-brunei/
41952," Java Training in Brunei",java-training-in-brunei,https://learnmoretechnologies.in/java-training-in-brunei/
41922,"Power BI Training in Brunei",power-bi-training-in-brunei,https://learnmoretechnologies.in/power-bi-training-in-brunei/
41892,"Data Science Training in Brunei",data-science-training-in-brunei,https://learnmoretechnologies.in/data-science-training-in-brunei/
41858,"Software Testing Training in Brunei",software-testing-training-in-brunei,https://learnmoretechnologies.in/software-testing-training-in-brunei/
41829,"DevOps Training in Brunei",devops-training-in-brunei,https://learnmoretechnologies.in/devops-training-in-brunei/
41800,"Python Training in Brunei",python-training-in-brunei,https://learnmoretechnologies.in/python-training-in-brunei/
41771,"AWS Training in Brunei",aws-training-in-brunei,https://learnmoretechnologies.in/aws-training-in-brunei/
41741,"Microsoft Azure Training in Mumbai",microsoft-azure-training-in-mumbai,https://learnmoretechnologies.in/microsoft-azure-training-in-mumbai/
41712,"Data Analytics Training in Mumbai",data-analytics-training-in-mumbai,https://learnmoretechnologies.in/data-analytics-training-in-mumbai/
41683,"Python Full Stack Training in Mumbai",python-full-stack-training-in-mumbai,https://learnmoretechnologies.in/python-full-stack-training-in-mumbai/
41654,"Java Full Stack Training in Mumbai",java-full-stack-training-in-mumbai,https://learnmoretechnologies.in/java-full-stack-training-in-mumbai/
41621,"Java Training in Mumbai",java-training-in-mumbai,https://learnmoretechnologies.in/java-training-in-mumbai/
41589,"Power BI Training in Mumbai",power-bi-training-in-mumbai,https://learnmoretechnologies.in/power-bi-training-in-mumbai/
41554,"Data Science Training in Mumbai",data-science-training-in-mumbai,https://learnmoretechnologies.in/data-science-training-in-mumbai/
41491,"DevOps Training in Mumbai",devops-training-in-mumbai,https://learnmoretechnologies.in/devops-training-in-mumbai/
41458,"Python Training in Mumbai",python-training-in-mumbai,https://learnmoretechnologies.in/python-training-in-mumbai/
41426,"AWS Training in Mumbai",aws-training-in-mumbai,https://learnmoretechnologies.in/aws-training-in-mumbai/
41394," Microsoft Azure Training in Jaipur",microsoft-azure-training-in-jaipur,https://learnmoretechnologies.in/microsoft-azure-training-in-jaipur/
41365,"Data Analytics training in Jaipur",data-analytics-training-in-jaipur,https://learnmoretechnologies.in/data-analytics-training-in-jaipur/
41333,"Python Full Stack Training in Jaipur",python-full-stack-training-in-jaipur,https://learnmoretechnologies.in/python-full-stack-training-in-jaipur/
41223,"Java Full Stack Training in Jaipur",java-full-stack-training-in-jaipur,https://learnmoretechnologies.in/java-full-stack-training-in-jaipur/
41191,"Microsoft Azure Training in Austria",microsoft-azure-training-in-austria,https://learnmoretechnologies.in/microsoft-azure-training-in-austria/
41162,"Data Analytics Training in Austria",data-analytics-training-in-austria,https://learnmoretechnologies.in/data-analytics-training-in-austria/
41127,"Python Full Stack Training in Austria",python-full-stack-training-in-austria,https://learnmoretechnologies.in/python-full-stack-training-in-austria/
41095,"Java Full Stack Training in Austria",java-full-stack-training-in-austria,https://learnmoretechnologies.in/java-full-stack-training-in-austria/
41066,"Java Training in Austria",java-training-in-austria,https://learnmoretechnologies.in/java-training-in-austria/
41039,"Power BI Training in Austria",power-bi-training-in-austria,https://learnmoretechnologies.in/power-bi-training-in-austria/
41010,"Data Science Training in Austria",data-science-training-in-austria,https://learnmoretechnologies.in/data-science-training-in-austria/
40980,"Software Testing Training in Austria",software-testing-training-in-austria,https://learnmoretechnologies.in/software-testing-training-in-austria/
40951,"DevOps Training in Austria",devops-training-in-austria,https://learnmoretechnologies.in/devops-training-in-austria/
40921,"Python Training in Austria",python-training-in-austria,https://learnmoretechnologies.in/python-training-in-austria/
40884," AWS Training in Austria",aws-training-in-austria,https://learnmoretechnologies.in/aws-training-in-austria/
40853,"Microsoft Azure training in Chennai",microsoft-azure-training-in-chennai,https://learnmoretechnologies.in/microsoft-azure-training-in-chennai/
40827,"Data Analytics training in Chennai",data-analytics-training-in-chennai,https://learnmoretechnologies.in/data-analytics-training-in-chennai/
40798,"Python Full Stack Training in Chennai",python-full-stack-training-in-chennai,https://learnmoretechnologies.in/python-full-stack-training-in-chennai/
40766,"Java Full Stack Training in Chennai",java-full-stack-training-in-chennai,https://learnmoretechnologies.in/java-full-stack-training-in-chennai/
40737,"Java Training in Chennai",java-training-in-chennai,https://learnmoretechnologies.in/java-training-in-chennai/
40717,"Power BI Training in Chennai",power-bi-training-in-chennai,https://learnmoretechnologies.in/power-bi-training-in-chennai/
40682,"Data Science Training in Chennai",data-science-training-in-chennai,https://learnmoretechnologies.in/data-science-training-in-chennai/
40632,"Software Testing Training in Chennai",software-testing-training-in-chennai,https://learnmoretechnologies.in/software-testing-training-in-chennai/
40606,"DevOps Training in Chennai",devops-training-in-chennai,https://learnmoretechnologies.in/devops-training-in-chennai/
40569,"Python Training in Chennai",python-training-in-chennai,https://learnmoretechnologies.in/python-training-in-chennai/
40535,"AWS Training in Chennai",aws-training-in-chennai,https://learnmoretechnologies.in/aws-training-in-chennai/
40421,"Java Training in Jaipur",java-training-in-jaipur,https://learnmoretechnologies.in/java-training-in-jaipur/
40391,"Power BI Training in Jaipur",power-bi-training-in-jaipur,https://learnmoretechnologies.in/power-bi-training-in-jaipur/
40356,"Data Science Training in Jaipur",data-science-training-in-jaipur,https://learnmoretechnologies.in/data-science-training-in-jaipur/
40323,"Software Testing Training in Jaipur",software-testing-training-in-jaipur,https://learnmoretechnologies.in/software-testing-training-in-jaipur/
40282,"DevOps Training in Jaipur",devops-training-in-jaipur,https://learnmoretechnologies.in/devops-training-in-jaipur/
40250,"Python training in Jaipur",python-training-in-jaipur,https://learnmoretechnologies.in/python-training-in-jaipur/
40214,"AWS Training in Jaipur",aws-training-in-jaipur,https://learnmoretechnologies.in/aws-training-in-jaipur/
40182,"Microsoft Azure training in Switzerland",microsoft-azure-training-in-switzerland,https://learnmoretechnologies.in/microsoft-azure-training-in-switzerland/
40146,"Data Analytics training in Switzerland",data-analytics-training-in-switzerland,https://learnmoretechnologies.in/data-analytics-training-in-switzerland/
40114,"Python Full Stack Training in Switzerland",python-full-stack-training-in-switzerland,https://learnmoretechnologies.in/python-full-stack-training-in-switzerland/
40079,"Java Full Stack Training in Switzerland",java-full-stack-training-in-switzerland,https://learnmoretechnologies.in/java-full-stack-training-in-switzerland/
40047,"Java Training in Switzerland",java-training-in-switzerland,https://learnmoretechnologies.in/java-training-in-switzerland/
40015,"Power BI Training in Switzerland",power-bi-training-in-switzerland,https://learnmoretechnologies.in/power-bi-training-in-switzerland/
39984,"Data Science Training in Switzerland",data-science-training-in-switzerland,https://learnmoretechnologies.in/data-science-training-in-switzerland/
39953,"Microsoft Azure training in Ahmedabad",microsoft-azure-training-in-ahmedabad,https://learnmoretechnologies.in/microsoft-azure-training-in-ahmedabad/
39921,"Data Analytics training in Ahmedabad",data-analytics-training-in-ahmedabad,https://learnmoretechnologies.in/data-analytics-training-in-ahmedabad/
39886,"Python Full Stack Training in Ahmedabad",python-full-stack-training-in-ahmedabad,https://learnmoretechnologies.in/python-full-stack-training-in-ahmedabad/
39857,"Java Full Stack Training in Ahmedabad",java-full-stack-training-in-ahmedabad,https://learnmoretechnologies.in/java-full-stack-training-in-ahmedabad/
39821,"Java Training in Ahmedabad",java-training-in-ahmedabad,https://learnmoretechnologies.in/java-training-in-ahmedabad/
39789,"Power BI Training in Ahmedabad",power-bi-training-in-ahmedabad,https://learnmoretechnologies.in/power-bi-training-in-ahmedabad/
39753,"Data Science Training in Ahmedabad",data-science-training-in-ahmedabad,https://learnmoretechnologies.in/data-science-training-in-ahmedabad/
39724,"Software Testing Training in Ahmedabad",software-testing-training-in-ahmedabad,https://learnmoretechnologies.in/software-testing-training-in-ahmedabad/
39695,"DevOps Training in Ahmedabad",devops-training-in-ahmedabad,https://learnmoretechnologies.in/devops-training-in-ahmedabad/
39660,"Python training in Ahmedabad",python-training-in-ahmedabad,https://learnmoretechnologies.in/python-training-in-ahmedabad/
39627," AWS Training in Ahmedabad",aws-training-in-ahmedabad,https://learnmoretechnologies.in/aws-training-in-ahmedabad/
39595,"Software Testing Training in Switzerland",software-testing-training-in-switzerland,https://learnmoretechnologies.in/software-testing-training-in-switzerland/
39566,"DevOps Training in Switzerland",devops-training-in-switzerland,https://learnmoretechnologies.in/devops-training-in-switzerland/
39534,"Python training in Switzerland",python-training-in-switzerland,https://learnmoretechnologies.in/python-training-in-switzerland/
39499,"AWS training in Switzerland",aws-training-in-switzerland,https://learnmoretechnologies.in/aws-training-in-switzerland/
39470,"Microsoft Azure training in Belgium",microsoft-azure-training-in-belgium,https://learnmoretechnologies.in/microsoft-azure-training-in-belgium/
39438,"Data Analytics training in Belgium",data-analytics-training-in-belgium,https://learnmoretechnologies.in/data-analytics-training-in-belgium/
39405,"Python Full Stack Training in Belgium",python-full-stack-training-in-belgium,https://learnmoretechnologies.in/python-full-stack-training-in-belgium/
39379,"Java Full Stack Training in Belgium",java-full-stack-training-in-belgium,https://learnmoretechnologies.in/java-full-stack-training-in-belgium/
39248,"Java Training in Belgium",java-training-in-belgium,https://learnmoretechnologies.in/java-training-in-belgium/
39222,"Power BI Training in Belgium",power-bi-training-in-belgium,https://learnmoretechnologies.in/power-bi-training-in-belgium/
39182,"Data Science Training in Belgium",data-science-training-in-belgium,https://learnmoretechnologies.in/data-science-training-in-belgium/
39150,"Software Testing Training in Belgium",software-testing-training-in-belgium,https://learnmoretechnologies.in/software-testing-training-in-belgium/
39118,"DevOps Training in Belgium",devops-training-in-belgium,https://learnmoretechnologies.in/devops-training-in-belgium/
39094,"Python training in Belgium",python-training-in-belgium,https://learnmoretechnologies.in/python-training-in-belgium/
39068,"AWS training in Belgium",aws-training-in-belgium,https://learnmoretechnologies.in/aws-training-in-belgium/
39038,"Microsoft Azure training in UAE",microsoft-azure-training-in-uae,https://learnmoretechnologies.in/microsoft-azure-training-in-uae/
39002,"Data Analytics training in UAE",data-analytics-training-in-uae,https://learnmoretechnologies.in/data-analytics-training-in-uae/
38972,"Python Full Stack Training in UAE",python-full-stack-training-in-uae,https://learnmoretechnologies.in/python-full-stack-training-in-uae/
38936,"Java Full Stack Training in UAE",java-full-stack-training-in-uae,https://learnmoretechnologies.in/java-full-stack-training-in-uae/
38907,"Java Training in UAE",java-training-in-uae,https://learnmoretechnologies.in/java-training-in-uae/
38877,"Power BI Training in UAE",power-bi-training-in-uae,https://learnmoretechnologies.in/power-bi-training-in-uae/
38850,"Data Science Training in UAE",data-science-training-in-uae,https://learnmoretechnologies.in/data-science-training-in-uae/
38830,"Software Testing Training in UAE",software-testing-training-in-uae,https://learnmoretechnologies.in/software-testing-training-in-uae/
38793,"DevOps Training in UAE",devops-training-in-uae,https://learnmoretechnologies.in/devops-training-in-uae/
38763,"Python training in UAE",python-training-in-uae,https://learnmoretechnologies.in/python-training-in-uae/
38729,"AWS training in UAE",aws-training-in-uae,https://learnmoretechnologies.in/aws-training-in-uae/
38697,"Microsoft Azure training in Norway",microsoft-azure-training-in-norway,https://learnmoretechnologies.in/microsoft-azure-training-in-norway/
38670,"Data Analytics training in Norway",data-analytics-training-in-norway,https://learnmoretechnologies.in/data-analytics-training-in-norway/
38638,"Python Full Stack Training in Norway",python-full-stack-training-in-norway,https://learnmoretechnologies.in/python-full-stack-training-in-norway/
38609,"Java Full Stack Training in Norway",java-full-stack-training-in-norway,https://learnmoretechnologies.in/java-full-stack-training-in-norway/
38581,"Java Training in Norway",java-training-in-norway,https://learnmoretechnologies.in/java-training-in-norway/
38554,"Power BI Training in Norway",power-bi-training-in-norway,https://learnmoretechnologies.in/power-bi-training-in-norway/
38533,"Data Science Training in Norway",data-science-training-in-norway,https://learnmoretechnologies.in/data-science-training-in-norway/
38507,"Software Testing Training in Norway",software-testing-training-in-norway,https://learnmoretechnologies.in/software-testing-training-in-norway/
38484,"DevOps Training in Norway",devops-training-in-norway,https://learnmoretechnologies.in/devops-training-in-norway/
38455,"Python training in Norway",python-training-in-norway,https://learnmoretechnologies.in/python-training-in-norway/
38426,"AWS training in Norway",aws-training-in-norway,https://learnmoretechnologies.in/aws-training-in-norway/
38387,"Microsoft Azure training in Qatar",microsoft-azure-training-in-qatar,https://learnmoretechnologies.in/microsoft-azure-training-in-qatar/
38348,"Data Analytics training in Qatar",data-analytics-training-in-qatar,https://learnmoretechnologies.in/data-analytics-training-in-qatar/
38315,"Python Full Stack Training in Qatar",python-full-stack-training-in-qatar,https://learnmoretechnologies.in/python-full-stack-training-in-qatar/
38282,"Java Full Stack Training in Qatar",java-full-stack-training-in-qatar,https://learnmoretechnologies.in/java-full-stack-training-in-qatar/
38247,"Java Training in Qatar",java-training-in-qatar,https://learnmoretechnologies.in/java-training-in-qatar/
38214,"Power BI Training in Qatar",power-bi-training-in-qatar,https://learnmoretechnologies.in/power-bi-training-in-qatar/
38178,"Data Science Training in Qatar",data-science-training-in-qatar,https://learnmoretechnologies.in/data-science-training-in-qatar/
38144,"Software Testing Training in Qatar",software-testing-training-in-qatar,https://learnmoretechnologies.in/software-testing-training-in-qatar/
38117,"DevOps Training in Qatar",devops-training-in-qatar,https://learnmoretechnologies.in/devops-training-in-qatar/
38093,"Python training in Qatar",python-training-in-qatar,https://learnmoretechnologies.in/python-training-in-qatar/
38059,"AWS training in Qatar",aws-training-in-qatar,https://learnmoretechnologies.in/aws-training-in-qatar/
38017,"Microsoft Azure training in Taiwan",microsoft-azure-training-in-taiwan,https://learnmoretechnologies.in/microsoft-azure-training-in-taiwan/
37998,"Data Analytics training in Taiwan",data-analytics-training-in-taiwan,https://learnmoretechnologies.in/data-analytics-training-in-taiwan/
37966,"Python Full Stack Training in Taiwan",python-full-stack-training-in-taiwan,https://learnmoretechnologies.in/python-full-stack-training-in-taiwan/
37927,"Java Full Stack Training in Taiwan",java-full-stack-training-in-taiwan,https://learnmoretechnologies.in/java-full-stack-training-in-taiwan/
37902,"Java Training in Taiwan",java-training-in-taiwan,https://learnmoretechnologies.in/java-training-in-taiwan/
37870,"Power BI Training in Taiwan",power-bi-training-in-taiwan,https://learnmoretechnologies.in/power-bi-training-in-taiwan/
37828,"Data Science Training in Taiwan",data-science-training-in-taiwan,https://learnmoretechnologies.in/data-science-training-in-taiwan/
37793,"Software Testing Training in Taiwan",software-testing-training-in-taiwan,https://learnmoretechnologies.in/software-testing-training-in-taiwan/
37747,"DevOps Training in Taiwan",devops-training-in-taiwan,https://learnmoretechnologies.in/devops-training-in-taiwan/
37683,"Python training in Taiwan",python-training-in-taiwan,https://learnmoretechnologies.in/python-training-in-taiwan/
37635,"AWS training in Taiwan",aws-training-in-taiwan,https://learnmoretechnologies.in/aws-training-in-taiwan/
37577,"Microsoft Azure training in Denmark",microsoft-azure-training-in-denmark,https://learnmoretechnologies.in/microsoft-azure-training-in-denmark/
37524,"Data Analytics training in Denmark",data-analytics-training-in-denmark,https://learnmoretechnologies.in/data-analytics-training-in-denmark/
37464,"Python Full Stack Training in Denmark",python-full-stack-training-in-denmark,https://learnmoretechnologies.in/python-full-stack-training-in-denmark/
37418,"Java Full Stack Training in Denmark",java-full-stack-training-in-denmark,https://learnmoretechnologies.in/java-full-stack-training-in-denmark/
37356,"Java Training in Denmark",java-training-in-denmark,https://learnmoretechnologies.in/java-training-in-denmark/
37297,"Power BI Training in Denmark",power-bi-training-in-denmark,https://learnmoretechnologies.in/power-bi-training-in-denmark/
37262,"Data Science Training in Denmark",data-science-training-in-denmark,https://learnmoretechnologies.in/data-science-training-in-denmark/
37233,"Software Testing Training in Denmark",software-testing-training-in-denmark,https://learnmoretechnologies.in/software-testing-training-in-denmark/
37207,"DevOps Training in Denmark",devops-training-in-denmark,https://learnmoretechnologies.in/devops-training-in-denmark/
37164,"Python training in Denmark",python-training-in-denmark,https://learnmoretechnologies.in/python-training-in-denmark/
37122,"AWS training in Denmark",aws-training-in-denmark,https://learnmoretechnologies.in/aws-training-in-denmark/
37091,"Microsoft Azure Training in Luxembourg",microsoft-azure-training-in-luxembourg,https://learnmoretechnologies.in/microsoft-azure-training-in-luxembourg/
37067,"Data Analytics training in Luxembourg",data-analytics-training-in-luxembourg,https://learnmoretechnologies.in/data-analytics-training-in-luxembourg/
37036,"Python Full Stack Training in Luxembourg",python-full-stack-training-in-luxembourg,https://learnmoretechnologies.in/python-full-stack-training-in-luxembourg/
37018,"Java Full Stack Training in Luxembourg",java-full-stack-training-in-luxembourg,https://learnmoretechnologies.in/java-full-stack-training-in-luxembourg/
36990,"Java Training in Luxembourg",java-training-in-luxembourg,https://learnmoretechnologies.in/java-training-in-luxembourg/
36970,"Power BI Training in Luxembourg",power-bi-training-in-luxembourg,https://learnmoretechnologies.in/power-bi-training-in-luxembourg/
36952,"Data Science Training in Luxembourg",data-science-training-in-luxembourg,https://learnmoretechnologies.in/data-science-training-in-luxembourg/
36932,"Software Testing Training in Luxembourg",software-testing-training-in-luxembourg,https://learnmoretechnologies.in/software-testing-training-in-luxembourg/
36907,"DevOps Training in Luxembourg",devops-training-in-luxembourg,https://learnmoretechnologies.in/devops-training-in-luxembourg/
36885,"Python Training in Luxembourg",python-training-in-luxembourg,https://learnmoretechnologies.in/python-training-in-luxembourg/
36844,"AWS training in Luxembourg",aws-training-in-luxembourg,https://learnmoretechnologies.in/aws-training-in-luxembourg/
36837,"Microsoft Azure training in Macao SAR",microsoft-azure-training-in-macao-sar,https://learnmoretechnologies.in/microsoft-azure-training-in-macao-sar/
36824,"Data Analytics training in Macao SAR",data-analytics-training-in-macao-sar,https://learnmoretechnologies.in/data-analytics-training-in-macao-sar/
36808,"Python Full Stack Training in Macao SAR",python-full-stack-training-in-macao-sar,https://learnmoretechnologies.in/python-full-stack-training-in-macao-sar/
36788,"Java Full Stack Training in Macao SAR",java-full-stack-training-in-macao-sar,https://learnmoretechnologies.in/java-full-stack-training-in-macao-sar/
36778,"Java Training in Macao SAR",java-training-in-macao-sar,https://learnmoretechnologies.in/java-training-in-macao-sar/
36765,"Power BI Training in Macao SAR",power-bi-training-in-macao-sar,https://learnmoretechnologies.in/power-bi-training-in-macao-sar/
36760,"Data Science Training in Macao SAR",data-science-training-in-macao-sar,https://learnmoretechnologies.in/data-science-training-in-macao-sar/
36744,"Software Testing Training in Macao SAR",software-testing-training-in-macao-sar,https://learnmoretechnologies.in/software-testing-training-in-macao-sar/
36737,"DevOps Training in Macao SAR",devops-training-in-macao-sar,https://learnmoretechnologies.in/devops-training-in-macao-sar/
36727,"Python training in Macao SAR",python-training-in-macao-sar,https://learnmoretechnologies.in/python-training-in-macao-sar/
36709,"AWS training in Macao SAR",aws-training-in-macao-sar,https://learnmoretechnologies.in/aws-training-in-macao-sar/
36664,"Power BI Training in Singapore",power-bi-training-in-singapore,https://learnmoretechnologies.in/power-bi-training-in-singapore/
36647,"Java Training in Singapore",java-training-in-singapore,https://learnmoretechnologies.in/java-training-in-singapore/
36628,"Python Full Stack Training in Singapore",python-full-stack-training-in-singapore,https://learnmoretechnologies.in/python-full-stack-training-in-singapore/
36618,"Data Analytics training in Singapore",data-analytics-training-in-singapore,https://learnmoretechnologies.in/data-analytics-training-in-singapore/
36608,"Microsoft Azure training in Singapore",microsoft-azure-training-in-singapore,https://learnmoretechnologies.in/microsoft-azure-training-in-singapore/
36599,"Data Science Training in Singapore",data-science-training-in-singapore,https://learnmoretechnologies.in/data-science-training-in-singapore/
36586,"Software Testing Training in Singapore",software-testing-training-in-singapore,https://learnmoretechnologies.in/software-testing-training-in-singapore/
36441,"DevOps Training in Singapore",devops-training-in-singapore,https://learnmoretechnologies.in/devops-training-in-singapore/
36409,"AWS training in Singapore",aws-training-in-singapore,https://learnmoretechnologies.in/aws-training-in-singapore/
36308,"Python training in Singapore",python-training-in-singapore,https://learnmoretechnologies.in/python-training-in-singapore/
35973,"Microsoft Azure training in USA",microsoft-azure-training-in-usa,https://learnmoretechnologies.in/microsoft-azure-training-in-usa/
35965,"Data Analytics training in USA",data-analytics-training-in-usa,https://learnmoretechnologies.in/data-analytics-training-in-usa/
35953,"Python Full Stack Training in USA",python-full-stack-training-in-usa,https://learnmoretechnologies.in/python-full-stack-training-in-usa/
35945,"Java Full Stack Training in USA",java-full-stack-training-in-usa,https://learnmoretechnologies.in/java-full-stack-training-in-usa/
35919,"Java Training in USA",java-training-in-usa,https://learnmoretechnologies.in/java-training-in-usa/
35900,"Power BI Training in USA",power-bi-training-in-usa,https://learnmoretechnologies.in/power-bi-training-in-usa/
35875,"Data Science Training in USA",data-science-training-in-usa,https://learnmoretechnologies.in/data-science-training-in-usa/
35767,"Software Testing Training in USA",software-testing-training-in-usa,https://learnmoretechnologies.in/software-testing-training-in-usa/
35746,"DevOps Training in USA",devops-training-in-usa,https://learnmoretechnologies.in/devops-training-in-usa/
35735,"Python Training in USA",python-training-in-usa,https://learnmoretechnologies.in/python-training-in-usa/
35557,"AWS Training in USA",aws-training-in-usa,https://learnmoretechnologies.in/aws-training-in-usa/
34990,"Microsoft Azure Training in Hebbal",microsoft-azure-training-in-hebbal,https://learnmoretechnologies.in/microsoft-azure-training-in-hebbal/
34979,"Data Analytics training in Hebbal",data-analytics-training-in-hebbal,https://learnmoretechnologies.in/data-analytics-training-in-hebbal/
34959,"Software Testing Training in Hebbal",software-testing-training-in-hebbal,https://learnmoretechnologies.in/software-testing-training-in-hebbal/
34965,"Python Full Stack Training in Hebbal",python-full-stack-training-in-hebbal,https://learnmoretechnologies.in/python-full-stack-training-in-hebbal/
34939,"Java Full Stack Training in Hebbal",java-full-stack-training-in-hebbal,https://learnmoretechnologies.in/java-full-stack-training-in-hebbal/
34908,"Java Training in hebbal",java-training-in-hebbal,https://learnmoretechnologies.in/java-training-in-hebbal/
34894,"Power BI Training in hebbal",power-bi-training-in-hebbal,https://learnmoretechnologies.in/power-bi-training-in-hebbal/
34884,"Data Science Training in hebbal",data-science-training-in-hebbal,https://learnmoretechnologies.in/data-science-training-in-hebbal/
34859,"DevOps Training in hebbal",devops-training-in-hebbal,https://learnmoretechnologies.in/devops-training-in-hebbal/
34804,"AWS training in hebbal",aws-training-in-hebbal,https://learnmoretechnologies.in/aws-training-in-hebbal/
34744,"Python Training in hebbal",python-training-in-hebbal,https://learnmoretechnologies.in/python-training-in-hebbal/
33803,"Python Course Training in Hyderabad",python-course-training-in-hyderabad,https://learnmoretechnologies.in/python-course-training-in-hyderabad/
33823,"Python Course Training in Lucknow",python-course-training-in-lucknow,https://learnmoretechnologies.in/python-course-training-in-lucknow/
33801,"Python Course Training in Pune",python-course-training-in-pune,https://learnmoretechnologies.in/python-course-training-in-pune/
33796,"Python Course Training in Delhi",python-course-training-in-delhi,https://learnmoretechnologies.in/python-course-training-in-delhi/
33769,"Python Course Training in Chennai",python-course-training-in-chennai,https://learnmoretechnologies.in/python-course-training-in-chennai/
33675,"Python Course Training in Bangalore",python-course-training-in-bangalore,https://learnmoretechnologies.in/python-course-training-in-bangalore/
33101,P,p,https://learnmoretechnologies.in/p/
31559,"full-stack Training Course",full-stack-training-course,https://learnmoretechnologies.in/full-stack-training-course/
30159,"Thank You",thank-you,https://learnmoretechnologies.in/thank-you/
30073,"Java Full Stack Training In Marathahalli",java-full-stack-training-in-marathahalli,https://learnmoretechnologies.in/java-full-stack-training-in-marathahalli/
29462,c,c,https://learnmoretechnologies.in/c/
29457,Contact,contact,https://learnmoretechnologies.in/contact/
28902,Instructor,instructor,https://learnmoretechnologies.in/instructor/
28901,Instructors,instructors,https://learnmoretechnologies.in/instructors/
28900,Profile,lp-profile,https://learnmoretechnologies.in/lp-profile/
28750,Testimonial,testimonial,https://learnmoretechnologies.in/testimonial/
27715,"PYTHON FULL STACK TRAINING IN BTM",python-full-stack-training-in-btm,https://learnmoretechnologies.in/python-full-stack-training-in-btm/
27705,"Python Full Stack Training In Whitefield",best-python-full-stack-training-in-whitefield,https://learnmoretechnologies.in/best-python-full-stack-training-in-whitefield/
27344,Syallabus,syallabus,https://learnmoretechnologies.in/syallabus/
25469,"Microsoft Azure Course",microsoft-azure-course,https://learnmoretechnologies.in/microsoft-azure-course/
25377,"Data Analytics Course",data-analytics-course,https://learnmoretechnologies.in/data-analytics-course/
25294,"Python Full Stack Course",python-full-stack-course,https://learnmoretechnologies.in/python-full-stack-course/
25223,"Java Full Stack Course",java-full-stack-course,https://learnmoretechnologies.in/java-full-stack-course/
24925,"Java Course",java-course,https://learnmoretechnologies.in/java-course/
24831,"Power BI Course",power-bi-course,https://learnmoretechnologies.in/power-bi-course/
24765,"Data Science Course",data-science-course,https://learnmoretechnologies.in/data-science-course/
24690,"DevOps Training",devops-training,https://learnmoretechnologies.in/devops-training/
24621,"python course",python-course,https://learnmoretechnologies.in/python-course/
24454,"AWS Course",aws-course,https://learnmoretechnologies.in/aws-course/
24404,"Software Testing Course",software-testing-course,https://learnmoretechnologies.in/software-testing-course/
24380,"Python Full Stack Training in Bangalore",top-python-full-stack-training-in-bangalore,https://learnmoretechnologies.in/top-python-full-stack-training-in-bangalore/
24265,"Software Testing Training in Kalyan Nagar",software-testing-training-in-kalyan-nagar,https://learnmoretechnologies.in/software-testing-training-in-kalyan-nagar/
24245,"Python Training in Kalyan Nagar",python-training-in-kalyan-nagar,https://learnmoretechnologies.in/python-training-in-kalyan-nagar/
24223,"Python Full Stack Training in Kalyan Nagar",python-full-stack-training-in-kalyan-nagar,https://learnmoretechnologies.in/python-full-stack-training-in-kalyan-nagar/
24203,"Power BI Training in Kalyan Nagar",power-bi-training-in-kalyan-nagar,https://learnmoretechnologies.in/power-bi-training-in-kalyan-nagar/
24192,"Microsoft Azure Training In Kalyan Nagar",microsoft-azure-training-in-kalyan-nagar,https://learnmoretechnologies.in/microsoft-azure-training-in-kalyan-nagar/
24176,"Java Training in Kalyan Nagar",java-training-in-kalyan-nagar,https://learnmoretechnologies.in/java-training-in-kalyan-nagar/
24140,"Java Full Stack Training in Kalyan Nagar",java-full-stack-training-in-kalyan-nagar,https://learnmoretechnologies.in/java-full-stack-training-in-kalyan-nagar/
24121,"DevOps Training in Kalyan Nagar",devops-training-in-kalyan-nagar,https://learnmoretechnologies.in/devops-training-in-kalyan-nagar/
24101,"Data Science Training In Kalyan Nagar",data-science-training-in-kalyan-nagar,https://learnmoretechnologies.in/data-science-training-in-kalyan-nagar/
24053,"Data Analytics Training in Kalyan Nagar",data-analytics-training-in-kalyan-nagar,https://learnmoretechnologies.in/data-analytics-training-in-kalyan-nagar/
23990,"AWS Training in Kalyan Nagar",aws-training-in-kalyan-nagar,https://learnmoretechnologies.in/aws-training-in-kalyan-nagar/
22009,new,new,https://learnmoretechnologies.in/new/
20686,"Microsoft Azure training in Bangalore",microsoft-azure-training-in-bangalore,https://learnmoretechnologies.in/microsoft-azure-training-in-bangalore/
20680,"Best Python Full Stack Training in Bangalore",python-full-stack-training-in-bangalore,https://learnmoretechnologies.in/python-full-stack-training-in-bangalore/
20580,"Java Full Stack Training in Bangalore",best-java-full-stack-training-in-bangalore,https://learnmoretechnologies.in/best-java-full-stack-training-in-bangalore/
16832,"Best Data Analytics Training In BTM",data-analytics-training-in-btm,https://learnmoretechnologies.in/data-analytics-training-in-btm/
16820,"Best Data Analytics Training In Whitefield",data-analytics-training-in-whitefield,https://learnmoretechnologies.in/data-analytics-training-in-whitefield/
16804,"Java Full Stack Training In BTM",the-best-java-full-stack-training-in-btm,https://learnmoretechnologies.in/the-best-java-full-stack-training-in-btm/
16796,"Java Full Stack Training In Whitefield",best-java-full-stack-training-in-whitefield,https://learnmoretechnologies.in/best-java-full-stack-training-in-whitefield/
16310,"Certified Data Management Professional (CDMP)",certified-data-management-professional-cdmp,https://learnmoretechnologies.in/certified-data-management-professional-cdmp/
16295,"IBM Certified Database Administrator-DB2",ibm-certified-database-administrator-db2,https://learnmoretechnologies.in/ibm-certified-database-administrator-db2/
16268,"Cloudera Certified Associate (CCA): Data Analyst",cloudera-certified-associate-cca-data-analyst,https://learnmoretechnologies.in/cloudera-certified-associate-cca-data-analyst/
16227,"DataStax Apache Cassandra",datastax-apache-cassandra,https://learnmoretechnologies.in/datastax-apache-cassandra/
11141,"Best Data Analytics training in Bangalore",best-data-analytics-training-in-bangalore,https://learnmoretechnologies.in/best-data-analytics-training-in-bangalore/
11136,"Best Java Training In Bangalore",java-training-in-bangalore,https://learnmoretechnologies.in/java-training-in-bangalore/
11134,"Best Power BI Training In Bangalore",power-bi-training-in-bangalore,https://learnmoretechnologies.in/power-bi-training-in-bangalore/
11132,"Data Science Training In Bangalore",data-science-training-in-bangalore,https://learnmoretechnologies.in/data-science-training-in-bangalore/
11130,"Software Testing Training in Bangalore",software-testing-training-in-bangalore,https://learnmoretechnologies.in/software-testing-training-in-bangalore/
11122,"AWS Training in Bangalore",aws-training-in-bangalore,https://learnmoretechnologies.in/aws-training-in-bangalore/
11125,"DevOps Training in Bangalore",devops-training-in-bangalore,https://learnmoretechnologies.in/devops-training-in-bangalore/
11051,"Term Conditions",lp-term-conditions,https://learnmoretechnologies.in/lp-term-conditions/
11050,"Become A Teacher",become-a-teacher,https://learnmoretechnologies.in/become-a-teacher/
11047,"All Courses",courses,https://learnmoretechnologies.in/courses/
11045,Checkout,lp-checkout,https://learnmoretechnologies.in/lp-checkout/
10808,Trainers,trainers,https://learnmoretechnologies.in/trainers/
10416,"SAP FICO Syllabus",sap-fico-syllabus,https://learnmoretechnologies.in/sap-fico-syllabus/
10386, Snowflake,snowflake,https://learnmoretechnologies.in/snowflake/
10341,"Windows Powershell",windows-powershell,https://learnmoretechnologies.in/windows-powershell/
10248,"Intelligence Masters Program",intelligence-masters-program,https://learnmoretechnologies.in/intelligence-masters-program/
10280,"Oracle DBA",oracle-dba,https://learnmoretechnologies.in/oracle-dba/
10252,"Advance Excel Training Content",advance-excel-training-content,https://learnmoretechnologies.in/advance-excel-training-content/
10211,"Business Analyst Masters Course",business-analyst-masters-course,https://learnmoretechnologies.in/business-analyst-masters-course/
10108,"Microsoft Azure training in Whitefield",microsoft-azure-training-in-whitefield,https://learnmoretechnologies.in/microsoft-azure-training-in-whitefield/
10096,"Microsoft Azure training in BTM",microsoft-azure-training-in-btm,https://learnmoretechnologies.in/microsoft-azure-training-in-btm/
9921,"Software Testing Training In BTM",software-testing-training-in-btm,https://learnmoretechnologies.in/software-testing-training-in-btm/
9922,"DevOps Training In BTM",devops-training-in-btm,https://learnmoretechnologies.in/devops-training-in-btm/
9906,"Python Training in BTM",python-training-in-btm,https://learnmoretechnologies.in/python-training-in-btm/
9897,"AWS Training In BTM",aws-training-in-btm,https://learnmoretechnologies.in/aws-training-in-btm/
9872,"Artificial Intelligence Syllabus",artificial-intelligence-syllabus,https://learnmoretechnologies.in/artificial-intelligence-syllabus/
9807,"Microsoft Azure",microsoft-azure,https://learnmoretechnologies.in/microsoft-azure/
8966,"C &amp; C++ Training Marathahalli",c-training-in-marathahalli,https://learnmoretechnologies.in/c-training-in-marathahalli/
8923,"Microsoft Azure Training In Marathahalli",microsoft-azure-training-in-marathahalli,https://learnmoretechnologies.in/microsoft-azure-training-in-marathahalli/
8876,"Best Python Training in Whitefield",python-training-in-whitefield,https://learnmoretechnologies.in/python-training-in-whitefield/
8832,HTML,html,https://learnmoretechnologies.in/html/
8775,Linux,linux,https://learnmoretechnologies.in/linux/
8704,"Best Java Training in Marathahalli",java-training-in-marathahalli,https://learnmoretechnologies.in/java-training-in-marathahalli/
8428,"Best Devops Training in Whitefield",devops-training-in-whitefield,https://learnmoretechnologies.in/devops-training-in-whitefield/
8393,"Best Aws Training in Whitefield",aws-training-in-whitefield,https://learnmoretechnologies.in/aws-training-in-whitefield/
8324,"Software Testing Training in Marathahalli",software-testing-training-in-marathahalli,https://learnmoretechnologies.in/software-testing-training-in-marathahalli/
8173,Salesforce,salesforce-training-in-marathahalli,https://learnmoretechnologies.in/salesforce-training-in-marathahalli/
7919,"AWS Training In Marathahalli",aws-training-in-marathahalli,https://learnmoretechnologies.in/aws-training-in-marathahalli/
7882,"Python Course",python-trending-course,https://learnmoretechnologies.in/python-trending-course/
7609,"Python Full Stack Training In Marathahalli",python-full-stack-training-in-marathahalli,https://learnmoretechnologies.in/python-full-stack-training-in-marathahalli/
7495,"Best Data Analytics training in Marathahalli",best-data-analytics-training-in-marathahalli,https://learnmoretechnologies.in/best-data-analytics-training-in-marathahalli/
7405,"React Js training in Marathahalli",react-js-training-in-marathahalli,https://learnmoretechnologies.in/react-js-training-in-marathahalli/
7327,SQL,sql-training-in-marathahalli,https://learnmoretechnologies.in/sql-training-in-marathahalli/
7231,"Javascript  training in Marathahalli",javascript-training-in-marathahalli,https://learnmoretechnologies.in/javascript-training-in-marathahalli/
7160,"Best Software Testing Training in whitefield",software-testing-training-in-whitefield,https://learnmoretechnologies.in/software-testing-training-in-whitefield/
7141,"Data Science Training In Marathahalli",data-science-python-training-in-marathahalli,https://learnmoretechnologies.in/data-science-python-training-in-marathahalli/
7076,"Android Training in Bangalore",android-training-in-marathahalli,https://learnmoretechnologies.in/android-training-in-marathahalli/
6958,"Best Power BI Training in Marathahalli",power-bi-training-in-marathahalli,https://learnmoretechnologies.in/power-bi-training-in-marathahalli/
6883,"Best Tableau Training in Bangalore",tableau-training-in-marathahalli,https://learnmoretechnologies.in/tableau-training-in-marathahalli/
6823,"Python Training in Marathahalli",python-training-in-marathahalli,https://learnmoretechnologies.in/python-training-in-marathahalli/
6579,"AWS Trending Course",aws-trending-course,https://learnmoretechnologies.in/aws-trending-course/
6350,"Devops Training In Marathahalli",devops-training-in-marathahalli,https://learnmoretechnologies.in/devops-training-in-marathahalli/
6199,"Big Data Master Program",big-data-master-program-training-in-marathahalli,https://learnmoretechnologies.in/big-data-master-program-training-in-marathahalli/
392,Blog,blog,https://learnmoretechnologies.in/blog/
389,"Contact Us",contact-us,https://learnmoretechnologies.in/contact-us/
388,"About Us",about-us,https://learnmoretechnologies.in/about-us/
43,"IT Courses",home,https://learnmoretechnologies.in/